problem_id,gt_result,result,running time,unencodeable_reason
0,3003,skipped,0.0,"set, choose"
1,609,skipped,0.0,"set, choose_replace_permute, tuple, size constraint, intersection"
2,23,skipped,0.0,"bag, choose, size constraint"
3,165,skipped,0.0,"set, choose"
4,6732,skipped,0.0,"set, choose, not constraint, or constraint"
5,36,skipped,0.0,"set, choose, tuple, index, in"
6,200,skipped,0.0,"bag, composition, index, size constraint"
7,1440,1440,0.32804083300288767,
8,14400,14400,1.0710490829660557,
9,117,skipped,0.0,"unencodeable, second order logic"
10,84,skipped,0.0,"unencodeable, not combinatorics"
11,28,skipped,0.0,"bag, composition"
12,540,skipped,0.0,"set, composition, none_empty"
13,6,skipped,0.0,"bag, composition"
14,9240,skipped,0.0,"set, choose, multiple choosing"
15,729,skipped,0.0,"set, composition"
16,11,skipped,0.0,"unencodeable, not combinatorics"
17,13,skipped,0.0,"unencodeable, arithmetics"
18,12,skipped,0.0,"set, choose, tuple, index, in"
19,4,skipped,0.0,"bag, partition"
20,10,skipped,0.0,"set, choose"
21,15,skipped,0.0,"bag, choose_replace"
22,36,skipped,0.0,"set, choose, multiple choosing, size constraint, intersection"
23,10080,10080,0.1471850830130279,
24,1296540,skipped,0.0,"set, choose, multiple choosing, second order logic"
25,72,skipped,0.0,"set, choose, multiple choosing"
26,13,skipped,0.0,"set, choose, or constraint, subset"
27,15,skipped,0.0,"set, choose"
28,243,skipped,0.0,"set, composition"
29,720,720,0.2524208340328187,
30,25200,skipped,0.0,"set, choose, tuple, multiple choosing, difference"
31,12,12,0.15863212494878098,
32,21,skipped,0.0,"bag, tuple"
33,960,960,0.3265695419977419,
34,3,3,0.21413541701622307,
35,60,skipped,0.0,"bag, tuple, index, in"
36,240,skipped,0.0,"set, tuple, index, in"
37,1,skipped,0.0,"unencodeable, not combinatorics"
38,3,skipped,0.0,"bag, partition"
39,720,720,0.15663816599408165,
40,560,560,0.33049775002291426,
41,1386,skipped,0.0,"set, choose, size constraint, intersection"
42,17280,17280,0.18388470803620294,
43,15,skipped,0.0,"set, choose, size constraint"
44,672,skipped,0.0,"set, choose, intersection, size constraint"
45,2880,2880,0.15252379199955612,
46,25,skipped,0.0,"bag, tuple, index, compare element, or constraint"
47,144,144,0.17808762495405972,
48,35,skipped,0.0,"bag, tuple"
49,12441600,skipped,0.0,"set, tuple"
50,34650,skipped,0.0,"bag, tuple"
51,26,skipped,0.0,"unencodeable, not combinatorics"
52,110,skipped,0.0,"unencodeable, not combinatorics"
53,28800,28800,2.952461792039685,
54,10,skipped,0.0,"unencodeable, not combinatorics"
55,18,skipped,0.0,"set, tuple, index, not constraint, compare element"
56,45045,skipped,0.0,"set, choose, multiple choosing"
57,25972650,skipped,0.0,"set, choose, multiple choosing"
58,280,skipped,0.0,"set, choose, multiple choosing"
59,10,skipped,0.0,"set, choose"
60,36,skipped,0.0,"set, choose"
61,5120,skipped,0.0,"set, choose, multiple choosing"
62,1920,skipped,0.0,"set, choose, multiple choosing, choose_permute, tuple"
63,220,skipped,0.0,"set, choose"
64,576,skipped,0.0,"unencodeable, grid"
65,61328,skipped,0.0,"set, choose_replace_permute, tuple, index, compare element, count element, not constraint, or constraint"
66,750,skipped,0.0,"set, choose, multiple choosing"
67,840,840,0.08853666699724272,
68,252,skipped,0.0,"set, choose, intersection, size constraint"
69,840,skipped,0.0,"bag, tuple"
70,28,skipped,0.0,"set, choose_replace"
71,12650,skipped,0.0,"set, choose"
72,75075,skipped,0.0,"set, choose, multiple choosing"
73,48,skipped,0.0,"bag, tuple, choose_permute, in"
74,30951,skipped,0.0,"set, choose_replace_permute, index, compare element, multiplicity constraint, not constraint"
75,6,skipped,0.0,"bag, tuple"
76,70,skipped,0.0,"set, partition, not constraint, subset"
77,36,skipped,0.0,"unencodeable, not combinatorics"
78,1414,skipped,0.0,"set, choose, intersection, size constraint"
79,0,skipped,0.0,"unencodeable, not combinatorics"
80,24,24,0.18208654201589525,
81,840,skipped,0.0,"set, choose, intersection, size constraint"
82,48,48,0.18612483399920166,
83,195,skipped,0.0,"set, choose, intersection, size constraint"
84,28,skipped,0.0,"set, choose"
85,225,skipped,0.0,"set, choose, multiple choosing"
86,10,skipped,0.0,"bag, tuple, index, compare element, not constraint"
87,2838,skipped,0.0,"set, choose, intersection, size constraint"
88,1680,skipped,0.0,"unencodeable, cube"
89,16,skipped,0.0,"unencodeable, not combinatorics"
90,672,672,0.08089358400320634,
91,771400,skipped,0.0,"set, choose, multiple choosing"
92,15600,skipped,0.0,"set, choose, multiple choosing, union, size constraint"
93,5,skipped,0.0,"bag, choose, size constraint"
94,56,skipped,0.0,"set, choose, subset"
95,6,skipped,0.0,"bag, tuple, index, compare element, not constraint"
96,480,480,0.15905241697328165,
97,16,skipped,0.0,"set, choose, in"
98,12,skipped,0.0,"set, tuple, index, compare element"
99,360,360,0.15778166701784357,
100,650,skipped,0.0,"set, choose, tuple"
101,5,skipped,0.0,"bag, composition"
102,432,432,0.8196037500165403,
103,495,skipped,0.0,"set, choose"
104,840,skipped,0.0,"set, choose, intersection, size constraint"
105,720,skipped,0.0,"set, tuple"
106,15,skipped,0.0,"bag, partition"
107,15,skipped,0.0,"bag, composition"
108,126,skipped,0.0,partition
109,140,skipped,0.0,"set, choose, multiple choosing, not constraint"
110,504,skipped,0.0,"set, choose, multiple choosing"
111,3,skipped,0.0,"bag, partition"
112,1940,skipped,0.0,"set, choose, intersection, size constraint"
113,362880,362880,0.0993529999977909,
114,21,skipped,0.0,"set, choose"
115,255,skipped,0.0,"unencodeable, not combinatorics"
116,126,skipped,0.0,"set, choose"
117,5,skipped,0.0,"bag, partition"
118,1024,skipped,0.0,"set, composition"
119,30,skipped,0.0,"set, choose, multiple choosing"
120,30860,skipped,0.0,"tuple, unknown length"
121,4,skipped,0.0,"set, choose, or constraint, subset"
122,12,12,0.06421941699227318,
123,3,skipped,0.0,"unencodeable, cube"
124,32,skipped,0.0,"set, composition"
125,100000,skipped,0.0,"set, choose_replace_permute"
126,6,skipped,0.0,"set, choose"
127,43,skipped,0.0,"bag, tuple, choose_permute"
128,12500,skipped,0.0,"set, choose_permute, tuple, index, in"
129,36,skipped,0.0,"bag, composition"
130,34560,34560,3.467003541009035,
131,1512,skipped,0.0,"set, choose_permute, tuple, index, in"
132,72,skipped,0.0,"bag, choose, multiple choosing"
133,880,880,0.15509729197947308,
134,4320,skipped,0.0,"set, tuple, index, in"
135,60,60,0.13096899999072775,
136,4320,skipped,0.0,"set, choose, tuple, intersection, size constraint"
137,3600,3600,0.15987558395136148,
138,7000,skipped,0.0,"set, choose, multiple choosing"
139,165,skipped,0.0,"set, choose, subset"
140,4,skipped,0.0,"unencodeable, not combinatorics"
141,120,skipped,0.0,"set, choose, subset"
142,151200,skipped,0.0,"set, choose, multiple choosing"
143,10,skipped,0.0,"bag, composition, none_empty"
144,15,skipped,0.0,"set, partition"
145,59049,skipped,0.0,"set, composition"
146,371043400,skipped,0.0,"set, choose, intersection, size constraint"
147,33800,skipped,0.0,"set, choose_replace_permute, tuple, intersection, size constraint"
148,29700,skipped,0.0,over partitioned sets
149,2880,2880,0.24223566596629098,
150,2,skipped,0.0,"unencodeable, not combinatorics"
151,180,skipped,0.0,"set, choose, multiple choosing, subset, or constraint"
152,36,skipped,0.0,"set, choose, size constraint"
153,8,skipped,0.0,"set, partition"
154,12,12,0.06455395801458508,
155,40320,40320,0.06383883400121704,
156,62,skipped,0.0,"set, composition, none_empty"
157,156,skipped,0.0,"set, choose, not constraint, subset"
158,125,skipped,0.0,"set, choose_replace_permute, tuple"
159,819,skipped,0.0,"unencodeable, sequence"
160,49,skipped,0.0,"set, choose, multiple choosing, subset, or constraint"
161,864,skipped,0.0,"set, composition, index, in"
162,56,skipped,0.0,"set, choose"
163,3003,skipped,0.0,"set, choose"
164,968,skipped,0.0,"set, composition, index, size constraint"
165,7,skipped,0.0,"bag, choose"
166,58500,skipped,0.0,"set, choose_permute, tuple, multiple choosing"
167,48048,skipped,0.0,"set, choose, multiple choosing"
168,12,skipped,0.0,"set, choose, multiple choosing, tuple, difference, subset"
169,14,skipped,0.0,"bag, composition, partition"
170,325,skipped,0.0,"set, choose, intersection, size constraint"
171,60,skipped,0.0,"set, choose, multiple choosing"
172,12441600,skipped,0.0,"set, sequence, together, timeout"
173,21,skipped,0.0,"bag, composition"
174,10800,skipped,0.0,"unencodeable, subsequence"
175,3600,3600,0.15927729196846485,
176,30,skipped,0.0,"tuple, unknown length"
177,8,skipped,0.0,"unencodeable, arithmetics"
178,560,skipped,0.0,"bag, tuple"
179,12,skipped,0.0,"set, choose, tuple, difference, index, in"
180,37,skipped,0.0,"set, choose_replace_permute, tuple, in"
181,1295,skipped,0.0,"set, choose_replace_permute, tuple, count element, disjoint"
182,90,skipped,0.0,"bag, tuple"
183,200,skipped,0.0,"set, choose, tuple, intersection, difference, size constraint"
184,70,skipped,0.0,"set, choose"
185,56,skipped,0.0,"set, choose"
186,1008,skipped,0.0,"set, choose, permute, tuple, index, in, compare element, or constraint, not constraint"
187,990,skipped,0.0,"set, choose, intersection, size constraint"
188,351,skipped,0.0,"set, choose, choose_replace, additive union, size constraint"
189,81,skipped,0.0,"set, composition"
190,16,skipped,0.0,"set, partition"
191,36,skipped,0.0,"bag, multiplicity constraint, over partitioned sets"
192,31250,skipped,0.0,"bag, sequence, TAG, timeout, pred, succ"
193,2880,2880,0.20874445897061378,
194,9,skipped,0.0,"set, choose, intersection, in, size constraint"
195,24,skipped,0.0,"unencodeable, opposite constraint, reflection"
196,200,skipped,0.0,"set, choose_replace_permute, not constraint, index, compare element, in"
197,10080,skipped,0.0,"set, choose, multiple choosing, tuple, unencodeable"
198,5,skipped,0.0,"unencodeable, arithmetics"
199,180,skipped,0.0,"bag, tuple"
200,31,skipped,0.0,"set, choose, size constraint"
201,288,skipped,0.0,"set, choose, multiple choosing, intersection, size constraint"
202,5,skipped,0.0,"bag, partition"
203,8788,skipped,0.0,"set, choose, subset, not constraint"
204,56,skipped,0.0,"set, choose"
205,13,skipped,0.0,"unencodeable, reverse counting"
206,588,588,1.409797125030309,
207,3110400,skipped,0.0,"set, sequence, together, timeout"
208,520,skipped,0.0,"set, tuple, index, in, counting quantifier"
209,210,skipped,0.0,"bag, tuple"
210,24,24,0.09403858397854492,
211,15,skipped,0.0,"set, choose"
212,2250,skipped,0.0,"set, choose, multiple choosing"
213,24,skipped,0.0,"unencodeable, circle, opposite constraint"
214,10,10,0.10718274995451793,
215,12600,skipped,0.0,"set, choose, multiple choosing"
216,448,skipped,0.0,"set, choose, tuple, not constraint, in"
217,5040,5040,0.06316512502962723,
218,16,skipped,0.0,"unencodeable, not combinatorics"
219,165,skipped,0.0,"bag, composition"
220,927,skipped,0.0,"set, choose_replace, unencodeable, arithmetics, supp, multiplicity constraint, tuple, not constraint, size constraint, index, compare element"
221,18,skipped,0.0,"set, tuple, not constraint, index, compare element"
222,111,skipped,0.0,"set, choose, multiple choosing, subset, not constraint"
223,120,skipped,0.0,"bag, tuple"
224,3,skipped,0.0,"unencodeable, not combinatorics"
225,28,skipped,0.0,"set, choose"
226,100,skipped,0.0,"unencodeable, arithmetics"
227,544,skipped,0.0,"set, choose, tuple, intersection, size constraint"
228,351,skipped,0.0,"set, choose_replace_permute, sequence, TAG, count pred, count next_to, unencodeable, pred_of_pred"
229,5,skipped,0.0,"set, choose, multiple choosing, in, or constraint"
230,495,skipped,0.0,"set, choose"
231,36000,36000,0.15455833304440603,
232,864000,skipped,0.0,"set, choose, tuple, multiple choosing, index, in"
233,360,skipped,0.0,"set, choose, multiple choosing"
234,65,skipped,0.0,"bag, choose, size constraint"
235,30,skipped,0.0,"unencodeable, arithmetics"
236,12,12,0.06412250001449138,
237,48,skipped,0.0,"set, tuple, index, in"
238,6,skipped,0.0,"bag, tuple"
239,10,skipped,0.0,"set, choose_replace, multiplicity constraint"
240,576,576,4.088419083040208,
241,6,skipped,0.0,"set, tuple"
242,62,skipped,0.0,"set, choose, multiple choosing, set equality, or constraint"
243,4896,4896,0.13873112498549744,
244,480,skipped,0.0,"set, choose, multiple choosing, subset, not constraint"
245,35,skipped,0.0,"set, choose"
246,35,skipped,0.0,"set, choose"
247,20160,skipped,0.0,"unencodeable, grid, reflection"
248,6960,skipped,0.0,"set, choose, multiple choosing, subset, difference, not constraint, or constraint"
249,14,skipped,0.0,"bag, partition"
250,29,skipped,0.0,"set, choose, multiple choosing, intersection, size constraint"
251,18,skipped,0.0,"unencodeable, not combinatorics"
252,48,skipped,0.0,"bag, tuple, index, not constraint, compare element"
253,1120,skipped,0.0,"set, choose, intersection, size constraint"
254,36,skipped,0.0,"set, choose, multiple choosing, tuple, not constraint, subset, difference, in"
255,50,skipped,0.0,"bag, tuple, index, not constraint, compare element"
256,28,skipped,0.0,"set, choose"
257,14,skipped,0.0,"unencodeable, not combinatorics"
258,105,skipped,0.0,"set, choose"
259,432,skipped,0.0,counting quantifier
260,720,720,0.06372087495401502,
261,10,skipped,0.0,"set, choose"
262,9240,skipped,0.0,"set, composition, size constraint, index, in"
263,2,skipped,0.0,"unencodeable, arithmetics"
264,15,skipped,0.0,"set, choose, subset"
265,384,384,0.26363895897520706,
266,210,skipped,0.0,"set, choose"
267,20,skipped,0.0,"unencodeable, arithmetics"
268,4,skipped,0.0,"bag, partition"
269,240,240,0.282376250019297,
270,9,skipped,0.0,"unencodeable, arithmetics"
271,6,skipped,0.0,"bag, tuple"
272,5416,skipped,0.0,"set, choose_replace_permute, tuple, or constraint, in"
273,4,skipped,0.0,"set, choose, size constraint"
274,2598960,skipped,0.0,"set, choose"
275,768,skipped,0.0,"set, choose, multiple choosing"
276,129,skipped,0.0,"unencodeable, subsequence"
277,100,skipped,0.0,"set, tuple, choose_replace_permute, index, not constraint, compare element"
278,1951,skipped,0.0,"set, tuple, choose_replace_permute, in"
279,210,skipped,0.0,"set, choose, multiple choosing, subset, not constraint"
280,12,skipped,0.0,"set, choose_replace_permute, tuple, index, in"
281,75,skipped,0.0,"set, bag, choose, multiple choosing"
282,362880,skipped,0.0,"unencodeable, star, reflection"
283,20,skipped,0.0,"unencodeable, grid"
284,1440,1440,0.1539356670109555,
285,14,skipped,0.0,"set, partition"
286,4242,skipped,0.0,"set, choose, intersection, size constraint"
287,210,skipped,0.0,"set, choose"
288,210,skipped,0.0,"set, choose, multiple choosing"
289,88,skipped,0.0,"unencodeable, arithmetics"
290,60,skipped,0.0,"bag, tuple"
291,180,180,0.7718381250160746,
292,720,720,0.1548007499659434,
293,900,skipped,0.0,"unencodeable, arithmetics"
294,14,skipped,0.0,"set, partition"
295,41,skipped,0.0,"set, partition"
296,80,skipped,0.0,"set, choose, multiple choosing"
297,16,skipped,0.0,"set, choose, difference, multiple choosing"
298,45,skipped,0.0,"set, choose"
299,420,skipped,0.0,"set, composition, index, size constraint, in"
300,380,skipped,0.0,"set, choose, multiple choosing"
301,48,skipped,0.0,"set, tuple, composition"
302,16,skipped,0.0,"set, composition"
303,60,60,0.0645982910064049,
304,1848,skipped,0.0,"set, choose, intersection, size constraint"
305,1050,skipped,0.0,"set, choose, intersection, size constraint"
306,6840,skipped,0.0,"set, choose, multiple choosing, difference"
307,192,192,0.2991305000032298,
308,33800000,skipped,0.0,"set, sequence, TAG, choose_replace, next_to, timeout"
309,6,6,0.15970320900669321,
310,,skipped,0.0,"unencodeable, arithmetics"
311,,skipped,0.0,"unencodeable, arithmetics"
312,,skipped,0.0,"unencodeable, arithmetics"
313,112,skipped,0.0,"counting quantifier, arithmetics, unencodeable"
314,,skipped,0.0,"unencodeable, arithmetics"
315,,skipped,0.0,"unencodeable, grid"
316,,skipped,0.0,"unencodeable, arithmetics"
317,195,skipped,0.0,"set, tuple, choose_replace_permute, index, in, unencodeable, arithmetics"
318,,skipped,0.0,"unencodeable, arithmetics"
319,,skipped,0.0,"unencodeable, arithmetics"
320,,skipped,0.0,"unencodeable, subsequence"
321,,skipped,0.0,"unencodeable, arithmetics"
322,,skipped,0.0,"unencodeable, arithmetics"
323,,skipped,0.0,"unencodeable, arithmetics"
324,,skipped,0.0,"unencodeable, arithmetics"
325,452,skipped,0.0,"set, choose_replace_permute, tuple, in, not constraint, compare element"
326,,skipped,0.0,"unencodeable, arithmetics"
327,,skipped,0.0,"unencodeable, arithmetics"
328,,skipped,0.0,"unencodeable, arithmetics"
329,,skipped,0.0,"unencodeable, compare sequence"
330,,skipped,0.0,"unencodeable, palindrome"
331,,skipped,0.0,"unencodeable, arithmetics"
332,,skipped,0.0,"unencodeable, arithmetics"
333,,skipped,0.0,"unencodeable, arithmetics"
334,,skipped,0.0,"unencodeable, arithmetics"
335,320,skipped,0.0,"set, choose_replace_permute, tuple, index, in, supp"
336,,skipped,0.0,"unencodeable, arithmetics"
337,,skipped,0.0,"unencodeable, arithmetics"
338,,skipped,0.0,"unencodeable, arithmetics"
339,,skipped,0.0,"unencodeable, arithmetics"
340,,skipped,0.0,"unencodeable, subsequence"
341,,skipped,0.0,"unencodeable, arithmetics"
342,,skipped,0.0,"unencodeable, arithmetics"
343,,skipped,0.0,"unencodeable, palindrome"
344,,skipped,0.0,"unencodeable, arithmetics"
345,,skipped,0.0,"unencodeable, arithmetics"
346,,skipped,0.0,"unencodeable, arithmetics"
347,,skipped,0.0,"unencodeable, arithmetics"
348,,skipped,0.0,"unencodeable, grid"
349,,skipped,0.0,"unencodeable, arithmetics"
350,,skipped,0.0,"unencodeable, arithmetics"
351,,skipped,0.0,"unencodeable, arithmetics"
352,,skipped,0.0,"unencodeable, subsequence"
353,,skipped,0.0,"unencodeable, arithmetics"
354,,skipped,0.0,"unencodeable, subsequence"
355,,skipped,0.0,"unencodeable, arithmetics"
356,,skipped,0.0,"unencodeable, arithmetics"
357,,skipped,0.0,"unencodeable, arithmetics"
358,,skipped,0.0,"unencodeable, others"
359,,skipped,0.0,"unencodeable, arithmetics"
360,,skipped,0.0,"unencodeable, arithmetics"
361,,skipped,0.0,"unencodeable, arithmetics"
362,,skipped,0.0,"unencodeable, arithmetics"
363,,skipped,0.0,"unencodeable, arithmetics"
364,,skipped,0.0,"unencodeable, arithmetics"
365,,skipped,0.0,"unencodeable, others"
366,,skipped,0.0,"unencodeable, arithmetics"
367,,skipped,0.0,"unencodeable, arithmetics"
368,,skipped,0.0,"unencodeable, grid, reflection"
369,,skipped,0.0,"unencodeable, palindrome"
370,,skipped,0.0,"unencodeable, arithmetics"
371,26,skipped,0.0,"set, choose_replace_permute, tuple, multiplicity constraint, not constraint"
372,,skipped,0.0,"unencodeable, palindrome"
373,,skipped,0.0,"unencodeable, arithmetics"
374,,skipped,0.0,"unencodeable, sequence, arithmetics"
375,728,skipped,0.0,"set, choose_replace_permute, tuple, index, in, supp, size constraint"
376,,skipped,0.0,"unencodeable, arithmetics"
377,,skipped,0.0,"unencodeable, arithmetics"
378,,skipped,0.0,"unencodeable, arithmetics"
379,,skipped,0.0,"unencodeable, arithmetics"
380,,skipped,0.0,"unencodeable, arithmetics"
381,,skipped,0.0,"unencodeable, arithmetics"
382,,skipped,0.0,"unencodeable, arithmetics"
383,,skipped,0.0,"unencodeable, arithmetics"
384,,skipped,0.0,"unencodeable, arithmetics"
385,,skipped,0.0,"unencodeable, arithmetics"
386,,skipped,0.0,"unencodeable, arithmetics"
387,,skipped,0.0,"unencodeable, arithmetics"
388,,skipped,0.0,"unencodeable, arithmetics"
389,,skipped,0.0,"unencodeable, arithmetics"
390,,skipped,0.0,"unencodeable, arithmetics"
391,,skipped,0.0,"unencodeable, palindrome"
392,,skipped,0.0,"unencodeable, arithmetics"
393,,skipped,0.0,"unencodeable, arithmetics"
394,,skipped,0.0,"unencodeable, arithmetics"
395,,skipped,0.0,"unencodeable, arithmetics"
396,,skipped,0.0,"unencodeable, arithmetics"
397,,skipped,0.0,"unencodeable, arithmetics"
398,,skipped,0.0,"unencodeable, arithmetics"
399,,skipped,0.0,"unencodeable, arithmetics"
400,,skipped,0.0,"unencodeable, arithmetics"
401,,skipped,0.0,"unencodeable, palindrome"
402,,skipped,0.0,"unencodeable, arithmetics"
403,,skipped,0.0,"unencodeable, arithmetics"
404,,skipped,0.0,"unencodeable, arithmetics"
405,,skipped,0.0,"unencodeable, arithmetics"
406,,skipped,0.0,"unencodeable, arithmetics"
407,,skipped,0.0,"unencodeable, arithmetics"
